,anger,anticipation,disgust,fear,joy,sadness,surprise,trust,negative,positive,score,Book
1,1,6,1,3,1,3,1,3,6,5,-1,Death
2,1,4,1,1,1,1,3,2,1,7,6,Death
3,0,1,0,0,3,0,3,4,0,8,8,Death
4,0,3,0,1,2,0,0,3,0,6,6,Death
5,0,4,0,1,4,1,1,4,4,9,5,Death
6,2,2,1,3,1,2,1,1,4,2,-2,Death
7,3,4,3,5,2,1,5,5,6,9,3,Death
8,2,11,3,4,10,6,7,14,5,22,17,Death
9,2,1,1,1,1,1,2,2,1,4,3,Death
10,1,2,0,0,2,1,1,4,2,4,2,Death
11,0,2,0,0,1,0,1,1,2,2,0,Death
12,1,4,3,4,4,3,3,8,5,14,9,Death
13,0,1,0,0,2,0,0,2,0,4,4,Death
14,0,1,0,1,1,0,1,2,2,3,1,Death
15,2,5,0,2,4,1,4,5,2,9,7,Death
16,1,2,1,1,1,1,2,4,1,10,9,Death
17,2,0,1,4,0,3,0,1,3,2,-1,Death
18,3,4,4,4,2,5,3,5,8,9,1,Death
19,0,2,0,0,4,1,1,4,2,6,4,Death
20,1,2,1,2,3,1,1,2,2,5,3,Death
21,0,0,0,0,0,0,0,1,1,2,1,Death
22,1,3,1,1,1,1,2,0,2,4,2,Death
23,0,0,0,1,2,0,0,3,1,5,4,Death
24,1,5,0,1,3,0,0,3,0,7,7,Death
25,2,4,2,2,4,3,2,5,3,9,6,Death
26,4,4,2,5,2,4,4,6,5,9,4,Death
27,2,5,1,3,4,5,1,7,6,16,10,Death
28,1,2,1,1,1,1,1,3,1,3,2,Death
29,2,1,1,2,0,1,1,0,2,0,-2,Death
30,2,3,3,1,0,3,1,5,5,7,2,Death
31,0,3,1,0,3,0,2,6,0,6,6,Death
32,1,1,1,2,2,2,2,4,4,6,2,Death
33,0,2,0,0,1,0,1,3,0,2,2,Death
34,1,4,1,4,1,2,1,0,2,2,0,Death
35,1,3,1,1,2,2,2,2,2,4,2,Death
36,1,2,1,1,0,1,1,0,1,3,2,Death
37,4,4,2,5,3,5,4,4,8,10,2,Death
38,3,3,3,2,3,3,2,4,2,5,3,Death
39,1,1,0,0,0,1,0,0,1,3,2,Death
40,1,3,1,3,1,1,1,2,2,5,3,Death
41,3,3,3,2,1,2,1,2,2,2,0,Death
42,2,2,2,2,1,2,2,2,2,4,2,Death
43,2,3,1,5,2,1,2,2,5,5,0,Death
44,0,0,1,0,0,1,0,2,1,5,4,Death
45,3,2,2,3,1,3,3,1,3,2,-1,Death
46,2,2,1,1,1,1,2,2,1,2,1,Death
47,1,3,1,2,2,1,1,2,2,7,5,Death
48,1,1,1,3,0,3,1,2,3,3,0,Death
49,2,4,2,3,3,2,4,3,3,4,1,Death
50,1,4,1,2,2,1,2,1,2,3,1,Death
51,1,0,0,0,0,0,0,1,1,3,2,Death
52,3,3,2,3,3,3,2,1,3,4,1,Death
53,1,3,1,1,2,2,3,1,2,3,1,Death
54,1,1,2,3,0,2,1,1,6,3,-3,Death
55,0,0,0,0,0,0,0,0,0,0,0,Death
56,1,1,1,1,1,1,1,2,1,5,4,Death
57,1,3,2,2,3,1,3,1,2,7,5,Death
58,1,5,1,3,2,3,1,3,3,6,3,Death
59,0,0,0,1,0,1,0,3,2,3,1,Death
60,1,1,1,1,0,1,1,2,1,5,4,Death
61,3,1,3,5,0,3,1,1,6,3,-3,Death
62,0,0,0,1,1,2,0,0,2,1,-1,Death
63,1,1,1,2,0,2,1,1,2,3,1,Death
64,1,3,2,3,1,2,1,3,4,3,-1,Death
65,1,3,0,1,2,1,1,1,2,2,0,Death
66,1,1,1,1,1,1,1,2,1,2,1,Death
67,0,1,0,0,1,0,0,1,2,2,0,Death
68,2,3,2,2,0,2,1,1,3,3,0,Death
69,1,1,2,3,1,2,2,3,3,4,1,Death
70,0,2,0,0,2,0,1,1,0,3,3,Death
71,2,3,1,2,1,4,2,1,4,5,1,Death
72,1,1,1,1,0,1,1,1,1,1,0,Death
73,1,1,2,1,0,2,1,3,1,5,4,Death
74,1,5,1,1,1,1,1,2,1,3,2,Death
75,0,0,1,0,0,1,1,1,0,4,4,Death
76,0,2,0,1,1,0,0,1,0,5,5,Death
77,0,0,0,0,0,0,0,1,0,1,1,Death
78,1,1,1,1,0,1,1,2,2,4,2,Death
79,0,2,0,0,0,0,0,1,1,3,2,Death
80,2,3,3,3,2,3,1,2,4,3,-1,Death
81,1,3,2,2,2,3,1,2,3,5,2,Death
82,5,2,3,4,1,3,3,1,4,3,-1,Death
83,0,3,0,1,3,0,0,3,0,4,4,Death
84,1,1,1,2,1,2,2,2,2,2,0,Death
85,1,2,1,1,1,2,1,1,1,2,1,Death
86,1,3,1,2,1,2,2,1,2,1,-1,Death
87,0,3,0,1,4,1,3,2,1,5,4,Death
88,1,1,1,1,1,1,2,1,1,1,0,Death
89,1,1,1,1,0,1,1,1,1,0,-1,Death
90,1,3,1,1,1,1,2,1,1,3,2,Death
91,0,0,0,0,0,0,0,0,0,2,2,Death
92,1,5,2,1,3,2,4,4,1,8,7,Death
93,1,2,1,2,2,1,3,2,2,3,1,Death
94,0,0,0,0,0,0,0,0,0,0,0,Death
95,1,1,1,1,0,1,2,2,1,7,6,Death
96,0,0,1,0,1,0,0,2,1,2,1,Death
97,2,4,3,3,1,3,1,1,4,3,-1,Death
98,1,0,0,2,1,3,0,1,2,1,-1,Death
99,1,3,1,2,0,2,1,1,2,4,2,Death
100,1,0,1,0,1,1,0,1,1,2,1,Death
101,2,2,2,2,1,2,2,2,2,3,1,Death
102,1,0,0,0,0,0,0,1,1,3,2,Death
103,1,1,1,1,1,1,1,0,1,2,1,Death
104,0,0,0,1,0,0,0,0,0,0,0,Death
105,0,1,1,0,2,1,1,2,0,3,3,Death
106,1,4,1,2,0,2,1,2,2,1,-1,Death
107,1,2,1,2,1,1,2,2,2,1,-1,Death
108,0,0,0,0,0,0,0,2,0,3,3,Death
109,1,1,1,2,0,1,1,1,2,4,2,Death
110,1,1,1,1,0,1,1,0,1,1,0,Death
111,3,2,1,3,2,1,2,4,4,5,1,Death
112,2,1,2,2,1,1,3,1,2,1,-1,Death
113,1,2,1,1,1,1,2,1,1,3,2,Death
114,0,1,0,1,1,1,1,2,1,2,1,Death
115,1,1,1,0,1,1,1,1,1,3,2,Death
116,0,0,0,0,0,1,0,1,1,1,0,Death
117,1,2,1,4,1,3,1,0,3,2,-1,Death
118,0,2,0,0,1,0,1,3,0,3,3,Death
119,0,3,1,2,3,1,1,3,2,6,4,Death
120,1,2,1,1,1,1,2,1,1,3,2,Death
121,1,2,1,1,1,1,2,0,1,1,0,Death
122,0,0,0,1,0,1,0,0,1,0,-1,Death
123,1,1,1,2,0,2,1,3,2,2,0,Death
124,1,3,1,2,1,2,1,0,1,1,0,Death
125,1,2,1,1,1,1,1,1,1,2,1,Death
126,0,3,0,1,2,1,1,3,1,6,5,Death
127,0,1,0,1,2,1,0,2,1,4,3,Death
128,1,1,1,1,1,1,2,0,1,1,0,Death
129,1,0,0,0,0,1,0,0,1,0,-1,Death
130,0,1,0,1,1,0,1,3,0,4,4,Death
131,0,1,0,0,0,0,0,0,0,1,1,Death
132,1,3,1,1,2,1,1,2,1,4,3,Death
133,1,1,1,1,0,1,1,2,2,2,0,Death
134,1,2,2,1,1,2,2,2,1,5,4,Death
135,1,1,1,1,0,1,1,2,1,1,0,Death
136,1,2,1,1,1,1,1,3,1,6,5,Death
137,0,2,0,0,2,0,1,1,1,3,2,Death
138,0,1,0,1,0,0,0,0,0,1,1,Death
139,1,1,1,2,1,2,1,1,2,3,1,Death
140,0,1,0,0,2,0,0,0,0,3,3,Death
141,1,3,1,1,1,1,1,2,2,2,0,Death
142,1,2,1,2,2,2,3,1,2,4,2,Death
143,0,1,0,0,0,0,0,1,0,1,1,Death
144,2,1,1,1,1,2,1,0,3,1,-2,Death
145,1,2,1,1,0,1,1,0,1,0,-1,Death
146,1,1,2,2,0,1,1,0,2,0,-2,Death
147,2,3,2,4,3,3,1,2,3,6,3,Death
148,2,1,1,1,2,1,1,2,2,3,1,Death
149,0,2,0,1,1,1,2,2,2,1,-1,Death
150,1,1,1,1,0,1,1,0,1,1,0,Death
151,0,1,0,0,2,0,1,1,0,2,2,Death
152,0,0,0,0,0,1,0,0,1,0,-1,Death
153,1,2,1,1,1,1,1,2,1,2,1,Death
154,2,2,1,2,1,1,1,2,2,2,0,Death
155,1,1,1,1,0,1,1,0,1,0,-1,Death
156,1,2,1,2,0,2,2,1,2,3,1,Death
157,1,1,1,1,0,1,1,0,1,1,0,Death
158,0,0,0,0,0,0,0,0,0,1,1,Death
159,1,2,1,2,2,1,1,1,1,3,2,Death
160,2,1,1,2,0,1,1,3,2,2,0,Death
161,2,2,2,2,0,2,1,1,2,3,1,Death
162,1,1,1,1,0,1,1,1,1,2,1,Death
163,0,1,1,0,0,0,0,3,1,6,5,Death
164,0,1,0,0,2,0,1,2,0,3,3,Death
165,2,2,1,2,0,1,1,0,3,3,0,Death
166,0,0,0,0,0,0,0,1,0,0,0,Death
167,2,3,1,2,1,1,2,2,2,5,3,Death
168,0,1,0,0,1,0,1,2,1,2,1,Death
169,1,5,2,1,2,3,3,1,1,4,3,Death
170,0,0,0,0,0,0,0,0,0,0,0,Death
171,0,0,0,0,0,0,0,0,0,0,0,Death
172,1,1,1,1,0,1,1,0,2,1,-1,Death
173,0,1,0,0,1,0,0,1,1,4,3,Death
174,2,1,1,2,1,2,1,0,2,1,-1,Death
175,1,1,1,2,0,2,1,0,2,0,-2,Death
176,1,1,1,1,0,1,1,1,1,1,0,Death
177,2,1,2,2,0,2,1,0,2,0,-2,Death
178,0,0,0,0,1,0,0,0,0,6,6,Death
179,0,1,0,0,2,0,1,2,0,2,2,Death
180,0,0,0,0,0,0,0,0,1,2,1,Death
181,0,2,0,0,4,0,1,3,0,4,4,Death
182,1,1,1,2,0,2,1,1,2,1,-1,Death
183,2,2,1,1,1,1,1,3,2,4,2,Death
184,1,1,1,1,0,1,1,1,1,1,0,Death
185,0,1,0,0,1,0,2,1,0,2,2,Death
186,0,1,0,1,1,0,0,1,0,4,4,Death
187,0,0,0,0,0,0,0,0,0,1,1,Death
188,1,2,1,1,1,1,2,1,2,2,0,Death
189,1,0,0,1,0,1,0,0,1,1,0,Death
190,1,1,1,1,1,1,2,0,1,2,1,Death
191,0,0,0,0,0,0,0,0,0,2,2,Death
192,1,3,1,1,1,1,2,1,1,2,1,Death
193,0,0,0,0,0,0,0,0,0,0,0,Death
194,1,1,1,1,0,1,1,0,1,1,0,Death
195,1,2,1,1,0,1,1,0,1,0,-1,Death
196,0,0,1,1,0,0,0,0,1,0,-1,Death
197,1,4,1,0,1,0,1,1,1,1,0,Death
198,0,0,0,1,0,1,0,0,1,1,0,Death
199,0,0,0,0,0,0,0,0,0,1,1,Death
200,0,1,0,0,1,0,0,1,0,2,2,Death
201,1,1,1,2,0,1,1,0,1,0,-1,Death
202,1,0,0,0,0,0,0,0,1,1,0,Death
203,0,0,0,1,0,1,0,0,1,0,-1,Death
204,0,0,0,0,0,0,0,1,0,1,1,Death
205,1,1,1,2,0,1,1,1,1,1,0,Death
206,0,2,0,0,0,0,0,0,0,2,2,Death
207,0,2,0,1,1,1,0,0,1,3,2,Death
208,1,1,1,1,0,1,1,0,1,0,-1,Death
209,0,0,0,0,0,0,0,2,0,1,1,Death
210,1,2,1,1,1,1,2,1,1,1,0,Death
211,1,3,1,1,1,1,2,1,1,2,1,Death
212,0,0,0,0,0,0,0,0,0,0,0,Death
213,1,2,1,1,1,1,2,1,2,1,-1,Death
214,1,2,1,1,1,1,1,1,1,1,0,Death
215,0,1,0,0,0,0,0,0,0,1,1,Death
216,1,1,1,2,0,2,1,0,2,1,-1,Death
217,0,0,0,0,0,0,0,1,0,1,1,Death
218,0,2,0,0,1,0,0,1,0,1,1,Death
219,0,0,0,0,0,0,0,0,0,0,0,Death
220,1,3,1,1,2,1,1,2,1,3,2,Death
221,0,0,0,0,0,0,0,1,0,1,1,Death
222,1,2,1,1,1,1,2,1,1,2,1,Death
223,0,1,0,0,0,0,0,0,0,1,1,Death
224,1,3,1,2,1,1,1,1,1,3,2,Death
225,0,1,0,0,1,0,1,1,0,2,2,Death
226,1,1,1,1,0,1,1,1,1,1,0,Death
227,0,2,0,1,2,0,1,2,0,2,2,Death
228,0,0,0,1,0,1,0,0,1,2,1,Death
229,1,3,2,2,0,1,1,1,3,2,-1,Death
230,0,0,0,0,0,1,0,1,1,1,0,Death
231,1,2,1,1,0,1,1,1,1,1,0,Death
232,0,0,0,0,1,0,0,0,0,1,1,Death
233,2,1,1,2,1,2,2,1,3,1,-2,Death
234,1,1,1,2,0,2,1,0,2,2,0,Death
235,0,2,0,0,2,0,2,2,0,2,2,Death
236,0,1,1,0,0,0,0,0,2,0,-2,Death
237,1,3,1,2,1,2,2,2,2,3,1,Death
238,1,2,1,1,0,1,1,0,2,1,-1,Death
239,0,0,0,0,0,0,0,1,1,1,0,Death
240,1,1,1,1,0,1,2,1,1,2,1,Death
241,1,1,1,1,0,1,1,0,1,1,0,Death
242,1,1,1,1,0,1,1,0,1,2,1,Death
243,0,0,0,0,0,0,0,0,2,0,-2,Death
244,0,0,0,0,1,0,0,1,0,1,1,Death
245,0,0,0,0,0,0,0,0,0,2,2,Death
246,1,2,1,3,0,4,1,0,3,0,-3,Death
247,0,0,0,0,0,0,0,1,0,2,2,Death
248,1,0,1,1,1,0,1,1,2,2,0,Death
249,0,0,0,0,1,0,0,1,0,1,1,Death
250,0,0,0,0,1,0,0,0,0,1,1,Death
251,0,1,0,1,0,1,0,0,1,0,-1,Death
252,1,1,0,0,0,1,0,1,1,1,0,Death
253,1,1,2,1,0,1,2,1,2,1,-1,Death
254,1,3,1,2,2,1,0,2,3,3,0,Death
255,0,1,0,0,1,0,1,1,0,1,1,Death
256,1,0,1,1,0,2,0,0,4,2,-2,Death
257,0,1,0,0,0,1,0,0,1,0,-1,Death
258,0,0,0,0,0,0,0,0,0,0,0,Death
259,1,2,1,2,1,1,1,0,1,3,2,Death
260,0,1,0,0,0,0,0,0,0,0,0,Death
261,1,1,1,1,0,1,1,1,1,1,0,Death
262,0,0,0,0,0,0,0,0,0,1,1,Death
263,1,1,1,2,0,2,1,0,2,0,-2,Death
264,0,1,0,1,2,1,0,1,1,4,3,Death
265,0,0,0,0,1,0,0,1,0,2,2,Death
266,1,1,0,0,0,1,0,2,1,2,1,Death
267,0,0,0,0,0,0,0,0,0,2,2,Death
268,0,0,0,0,0,0,0,0,0,0,0,Death
269,1,1,1,1,0,1,1,1,1,2,1,Death
270,1,2,1,1,0,1,1,0,1,0,-1,Death
271,0,1,0,0,1,0,1,1,0,2,2,Death
272,0,0,0,0,0,0,0,0,0,0,0,Death
273,0,1,0,0,0,0,0,0,0,1,1,Death
274,0,0,0,1,0,1,0,1,1,2,1,Death
275,1,1,1,1,0,1,1,0,1,0,-1,Death
276,0,0,0,0,1,0,0,1,0,1,1,Death
277,1,0,1,0,0,0,0,1,1,2,1,Death
278,0,0,0,0,0,0,0,1,0,2,2,Death
279,1,2,1,1,1,1,2,3,1,2,1,Death
280,0,1,0,0,1,0,1,1,0,2,2,Death
281,1,1,1,2,0,1,1,2,2,2,0,Death
282,0,0,0,0,0,0,0,0,0,0,0,Death
283,0,0,0,0,0,0,0,0,0,0,0,Death
284,0,1,0,0,1,0,0,0,0,3,3,Death
285,1,1,2,1,1,2,1,1,1,2,1,Death
286,0,2,0,0,0,0,0,0,0,1,1,Death
287,0,0,0,0,0,0,0,0,0,0,0,Death
288,0,0,0,0,1,0,1,2,0,3,3,Death
289,1,3,1,2,1,1,1,0,1,2,1,Death
290,2,1,1,2,1,2,1,2,2,2,0,Death
291,0,0,0,0,0,0,0,0,0,0,0,Death
292,0,1,0,0,2,0,0,1,0,2,2,Death
293,0,0,0,0,0,0,0,2,0,1,1,Death
294,0,0,0,0,0,0,0,0,0,0,0,Death
295,1,2,1,1,1,1,2,1,1,2,1,Death
296,0,0,0,0,0,0,0,0,0,0,0,Death
297,0,0,1,0,0,0,0,0,1,0,-1,Death
298,1,1,1,1,0,1,1,0,1,0,-1,Death
299,0,0,0,1,0,1,0,0,1,0,-1,Death
300,1,1,0,0,2,1,0,2,1,3,2,Death
301,0,0,0,0,0,0,0,0,0,0,0,Death
302,2,1,1,2,0,2,1,0,3,0,-3,Death
303,0,0,0,0,0,0,0,0,0,0,0,Death
304,1,1,1,1,0,1,1,1,1,0,-1,Death
305,0,0,0,0,0,0,0,0,1,1,0,Death
306,1,1,0,2,0,1,1,1,2,2,0,Death
307,0,1,0,0,1,0,1,1,0,1,1,Death
308,1,1,1,1,0,1,1,0,1,0,-1,Death
309,0,1,0,0,0,0,0,0,0,0,0,Death
310,0,1,0,0,0,0,0,1,0,2,2,Death
311,0,1,0,0,0,0,0,0,1,1,0,Death
312,1,2,1,2,0,2,1,0,2,1,-1,Death
313,2,1,1,2,0,1,1,0,2,0,-2,Death
314,1,3,1,2,4,1,2,3,2,6,4,Death
315,1,3,1,2,1,1,1,1,1,2,1,Death
316,1,1,0,1,0,1,0,1,2,1,-1,Death
317,0,1,0,1,0,0,0,0,1,0,-1,Death
318,0,1,0,0,1,0,1,1,0,1,1,Death
319,0,0,0,0,1,0,0,1,0,3,3,Death
320,0,1,0,0,1,0,1,1,0,1,1,Death
321,1,2,1,1,1,1,2,1,1,2,1,Death
322,1,0,1,0,0,1,0,0,1,0,-1,Death
323,0,1,0,0,1,0,1,2,0,3,3,Death
324,1,1,1,1,1,1,2,1,1,1,0,Death
325,0,0,0,0,0,0,0,0,0,0,0,Death
326,0,0,0,0,1,0,0,0,0,1,1,Death
327,0,0,0,0,0,0,0,0,0,0,0,Death
328,0,0,0,0,0,0,0,0,0,0,0,Death
329,0,0,0,0,0,0,0,0,0,1,1,Death
330,0,0,0,0,0,0,0,0,0,0,0,Death
331,0,0,0,0,0,0,0,0,0,0,0,Death
332,1,0,0,1,1,0,0,1,0,2,2,Death
333,0,2,0,0,1,0,1,1,0,2,2,Death
334,0,0,0,0,0,0,0,0,0,0,0,Death
335,1,0,0,0,0,0,0,0,1,2,1,Death
336,0,0,0,0,0,0,0,0,0,1,1,Death
337,1,1,1,1,0,1,1,1,1,2,1,Death
338,0,0,0,0,0,0,0,0,0,0,0,Death
339,1,1,1,2,0,2,1,1,2,3,1,Death
340,1,1,1,2,1,2,2,1,2,1,-1,Death
341,0,0,0,0,0,0,0,0,0,0,0,Death
342,0,2,0,1,2,0,0,2,0,5,5,Death
343,1,2,1,1,1,1,2,0,1,1,0,Death
344,1,1,1,1,0,1,1,0,1,1,0,Death
345,0,1,0,1,0,0,0,0,0,0,0,Death
346,1,4,0,1,2,1,1,2,1,3,2,Death
347,2,2,1,2,0,1,1,0,2,1,-1,Death
348,0,0,0,0,0,0,0,0,0,1,1,Death
349,1,2,1,1,1,0,0,1,0,1,1,Death
350,0,0,0,0,0,0,0,0,0,0,0,Death
351,2,2,1,1,2,1,1,1,2,3,1,Death
352,0,0,0,0,0,0,0,0,0,1,1,Death
353,0,1,0,0,0,0,0,0,0,2,2,Death
354,0,0,0,0,0,0,0,0,0,0,0,Death
355,1,1,1,2,1,1,0,1,2,2,0,Death
356,0,0,0,0,0,0,0,0,0,0,0,Death
357,0,2,1,0,1,0,2,2,0,3,3,Death
358,0,1,0,0,1,0,0,0,0,3,3,Death
359,1,2,1,1,1,1,3,4,1,5,4,Death
360,1,1,1,1,0,1,1,0,1,0,-1,Death
361,0,0,0,0,1,0,0,1,0,1,1,Death
362,0,0,0,0,0,0,0,0,0,0,0,Death
363,0,0,0,0,0,0,0,0,0,0,0,Death
364,2,1,1,2,0,1,1,0,2,1,-1,Death
365,0,0,0,0,0,0,0,1,0,2,2,Death
366,0,0,0,0,0,0,0,0,0,0,0,Death
367,1,0,0,0,0,0,0,0,1,0,-1,Death
368,0,2,0,0,1,0,0,0,1,2,1,Death
369,0,1,0,0,1,0,1,1,0,1,1,Death
370,1,1,1,2,1,1,1,2,1,5,4,Death
371,0,1,0,0,1,0,1,1,0,1,1,Death
372,0,1,0,0,1,0,1,1,0,1,1,Death
373,0,0,0,0,1,0,0,2,0,2,2,Death
374,0,0,0,1,0,1,0,0,1,0,-1,Death
375,0,0,0,0,0,0,0,0,0,0,0,Death
376,0,0,0,0,0,0,0,0,0,0,0,Death
377,0,1,0,1,0,1,0,0,1,2,1,Death
378,0,0,0,0,0,0,0,0,0,0,0,Death
379,0,1,0,0,1,0,1,0,0,2,2,Death
380,1,1,1,1,1,1,1,0,1,2,1,Death
381,0,0,0,0,0,0,0,0,0,0,0,Death
382,0,0,0,1,0,1,0,1,1,0,-1,Death
383,0,0,0,0,0,0,0,1,0,1,1,Death
384,1,1,1,1,1,1,1,1,1,1,0,Death
385,1,0,0,1,2,1,0,0,2,1,-1,Death
386,1,1,1,1,0,1,1,1,1,1,0,Death
387,1,1,1,2,0,2,1,1,2,1,-1,Death
388,0,1,0,0,0,0,0,2,0,3,3,Death
389,1,1,1,2,0,1,1,0,1,0,-1,Death
390,0,0,0,0,0,0,0,0,0,0,0,Death
391,0,1,0,0,1,0,0,0,0,3,3,Death
392,0,1,0,1,2,0,2,3,0,3,3,Death
393,0,0,0,0,0,0,0,0,0,0,0,Death
394,1,2,1,3,1,1,1,1,2,3,1,Death
395,1,2,1,1,0,1,2,0,1,0,-1,Death
396,1,3,1,1,1,1,2,1,1,2,1,Death
397,0,0,0,1,0,1,0,0,1,0,-1,Death
398,1,2,1,1,0,1,1,0,1,1,0,Death
399,0,0,0,0,1,0,0,2,0,2,2,Death
400,0,0,0,0,0,0,0,0,0,0,0,Death
401,1,1,1,1,0,1,1,0,1,0,-1,Death
402,0,1,0,0,1,0,1,1,0,1,1,Death
403,0,0,0,0,0,0,0,0,0,0,0,Death
404,1,1,1,1,0,1,1,1,1,1,0,Death
405,0,0,0,0,0,0,0,0,0,1,1,Death
406,0,0,0,0,0,0,0,0,0,0,0,Death
407,0,0,0,0,0,0,0,0,0,1,1,Death
408,1,2,1,1,0,1,2,0,1,1,0,Death
409,0,0,0,1,0,1,0,1,1,2,1,Death
410,0,1,0,0,1,0,0,0,0,2,2,Death
411,2,2,2,2,1,1,1,0,2,1,-1,Death
412,0,1,0,0,0,0,0,0,0,0,0,Death
413,0,0,0,0,0,0,0,1,0,2,2,Death
414,0,0,0,0,0,0,0,1,0,1,1,Death
415,0,0,0,0,0,0,1,0,0,0,0,Death
416,0,0,0,0,0,0,0,0,0,0,0,Death
417,0,0,0,0,0,1,0,0,0,0,0,Death
418,1,1,1,1,0,1,1,0,1,1,0,Death
419,0,0,0,0,0,0,0,1,0,1,1,Death
420,0,0,0,0,0,0,0,0,0,0,0,Death
421,2,0,1,2,0,1,1,1,2,1,-1,Death
422,1,2,1,1,1,1,2,1,1,1,0,Death
423,0,1,0,0,2,0,0,3,0,3,3,Death
424,0,0,0,0,0,0,0,0,0,0,0,Death
425,0,0,0,0,0,0,0,0,0,0,0,Death
426,2,2,2,3,1,2,2,1,2,1,-1,Death
427,0,1,0,0,0,0,0,0,0,5,5,Death
428,2,1,2,2,0,1,1,1,2,2,0,Death
429,0,0,0,1,1,1,1,1,2,1,-1,Death
430,0,3,0,0,2,0,2,2,0,3,3,Death
431,0,0,0,0,0,0,0,0,0,2,2,Death
432,0,0,0,0,0,0,0,0,0,0,0,Death
433,0,0,0,0,0,0,0,1,0,1,1,Death
434,1,1,1,1,1,1,3,1,1,1,0,Death
435,0,0,0,0,0,0,0,1,0,0,0,Death
436,0,1,0,1,1,1,0,1,1,2,1,Death
437,1,0,1,0,0,0,0,0,1,0,-1,Death
438,1,1,1,1,1,1,2,3,1,2,1,Death
439,0,0,0,0,0,0,0,0,0,0,0,Death
440,1,1,1,1,0,1,1,0,1,2,1,Death
441,1,2,1,2,1,1,1,0,1,1,0,Death
442,0,0,1,0,0,1,0,0,0,1,1,Death
443,0,1,0,0,2,0,1,2,0,2,2,Death
444,1,1,1,1,0,1,1,0,1,0,-1,Death
445,0,0,0,0,0,0,0,0,0,1,1,Death
446,1,1,1,1,0,1,0,0,1,1,0,Death
447,0,0,0,0,1,0,0,1,0,3,3,Death
448,1,2,1,1,1,1,2,1,1,5,4,Death
449,1,0,0,0,0,0,0,1,1,1,0,Death
450,0,1,0,0,1,0,1,1,0,2,2,Death
451,0,0,0,1,0,1,0,0,1,0,-1,Death
452,0,0,0,0,0,0,0,0,0,1,1,Death
453,0,0,0,0,0,0,0,0,0,0,0,Death
454,0,0,0,1,0,1,0,0,1,0,-1,Death
455,0,0,0,0,0,0,0,0,0,0,0,Death
456,1,1,1,1,0,1,1,0,1,0,-1,Death
457,1,1,1,1,0,2,1,1,2,1,-1,Death
458,2,1,0,2,0,1,0,0,2,0,-2,Death
459,2,2,1,1,0,1,1,1,1,0,-1,Death
460,1,1,1,1,1,1,1,0,1,1,0,Death
461,0,1,0,0,0,0,0,0,0,0,0,Death
462,0,1,0,1,0,1,0,0,1,1,0,Death
463,0,0,0,0,0,0,0,1,0,1,1,Death
464,1,1,1,1,0,1,0,0,1,1,0,Death
465,0,0,0,0,1,0,0,1,0,2,2,Death
466,0,0,0,0,0,0,0,0,1,0,-1,Death
467,0,1,0,0,1,0,1,1,0,1,1,Death
468,0,1,0,0,1,0,1,2,0,3,3,Death
469,0,0,0,0,0,0,0,0,0,0,0,Death
470,2,1,2,1,0,2,1,0,2,0,-2,Death
471,0,0,0,0,0,0,0,0,0,1,1,Death
472,0,1,0,0,1,0,0,1,0,2,2,Death
473,0,0,0,0,0,0,0,1,0,1,1,Death
474,1,1,1,1,1,1,1,1,1,2,1,Death
475,0,0,0,0,1,0,0,0,0,2,2,Death
476,2,2,2,1,0,1,1,0,2,1,-1,Death
477,0,0,0,0,0,0,0,0,0,1,1,Death
478,0,0,0,0,0,0,0,1,0,1,1,Death
479,0,0,0,1,0,1,0,0,1,0,-1,Death
480,0,1,0,0,1,0,1,1,0,1,1,Death
481,0,0,0,0,0,0,0,0,0,0,0,Death
482,0,0,0,0,0,0,0,0,0,0,0,Death
483,0,0,0,1,0,1,0,0,1,0,-1,Death
484,3,2,2,5,1,3,2,1,4,2,-2,Death
485,1,2,2,1,2,1,2,1,1,4,3,Death
486,0,2,0,0,1,0,1,1,0,1,1,Death
487,2,1,1,2,0,1,1,0,2,0,-2,Death
488,0,1,0,0,0,0,0,1,0,2,2,Death
489,0,0,0,0,0,0,0,0,0,1,1,Death
490,1,1,1,1,0,1,1,0,1,0,-1,Death
491,0,0,0,0,0,0,0,0,0,0,0,Death
492,0,0,0,0,0,0,0,0,0,0,0,Death
493,0,0,0,1,0,1,0,1,1,0,-1,Death
494,1,1,1,1,0,1,1,0,1,1,0,Death
495,0,0,0,0,0,0,0,0,0,0,0,Death
496,0,0,0,0,0,0,0,1,1,0,-1,Death
497,1,1,1,1,0,1,1,0,1,0,-1,Death
498,0,0,0,0,1,0,0,1,0,1,1,Death
499,1,1,1,2,0,2,1,0,2,0,-2,Death
500,0,0,0,0,0,0,0,0,0,0,0,Death
501,0,1,0,0,1,0,1,1,0,1,1,Death
502,0,0,0,0,1,0,0,0,0,1,1,Death
503,1,0,0,0,0,0,0,0,1,0,-1,Death
504,0,0,0,1,0,1,0,0,1,1,0,Death
505,0,1,0,0,2,0,0,0,0,4,4,Death
506,0,0,0,0,0,0,0,0,1,2,1,Death
507,0,0,0,0,0,0,0,1,0,1,1,Death
508,0,0,0,0,0,0,0,0,0,0,0,Death
509,0,0,0,0,0,0,0,0,0,0,0,Death
510,1,1,1,1,1,1,1,0,1,1,0,Death
511,0,0,0,0,0,0,0,0,0,0,0,Death
512,0,1,0,0,1,0,1,1,0,2,2,Death
513,0,0,0,0,1,0,0,1,0,1,1,Death
514,0,0,0,1,0,1,0,0,1,0,-1,Death
515,0,0,0,0,0,0,0,0,0,0,0,Death
516,0,0,0,0,0,0,0,0,1,1,0,Death
517,0,1,0,1,2,1,1,1,1,2,1,Death
518,1,0,0,0,0,0,0,1,1,2,1,Death
519,1,1,2,2,1,1,1,0,2,1,-1,Death
520,0,0,0,0,0,0,0,0,0,0,0,Death
521,0,1,0,0,1,0,0,0,0,1,1,Death
522,1,1,1,1,0,1,2,0,1,0,-1,Death
523,1,0,1,0,0,0,0,0,1,0,-1,Death
524,0,1,0,0,1,0,1,1,0,1,1,Death
525,1,0,2,2,0,3,1,0,3,0,-3,Death
526,0,0,0,0,0,0,0,0,0,0,0,Death
527,0,3,0,0,2,0,1,1,1,4,3,Death
528,0,0,0,0,0,0,0,0,0,2,2,Death
529,0,0,0,0,1,0,0,1,0,1,1,Death
530,0,0,0,0,2,0,0,1,0,2,2,Death
531,0,1,0,0,1,0,0,1,0,1,1,Death
532,0,0,0,0,0,0,0,0,0,0,0,Death
533,1,1,1,1,0,1,1,0,1,0,-1,Death
534,0,0,0,0,0,0,0,1,0,1,1,Death
535,0,1,0,0,1,0,1,1,0,1,1,Death
536,0,0,0,0,1,0,0,0,0,1,1,Death
537,1,1,1,1,0,1,1,0,1,0,-1,Death
538,0,0,0,0,0,0,0,0,0,0,0,Death
539,1,3,1,2,0,1,1,0,2,0,-2,Death
540,0,0,0,0,1,0,0,1,1,1,0,Death
541,1,2,1,1,1,1,2,1,1,1,0,Death
542,0,1,0,0,0,0,1,1,0,1,1,Death
543,2,1,1,2,0,1,1,0,2,0,-2,Death
544,0,0,0,0,0,0,0,0,0,0,0,Death
545,1,2,1,2,0,1,1,0,2,0,-2,Death
546,0,1,0,0,0,0,1,0,0,1,1,Death
547,0,0,0,0,0,0,0,0,0,0,0,Death
548,0,0,0,0,0,0,0,0,0,0,0,Death
549,0,0,0,0,1,0,0,1,1,1,0,Death
550,0,0,0,0,0,0,0,0,0,0,0,Death
551,1,2,1,1,0,1,1,0,1,0,-1,Death
552,0,0,0,0,0,0,0,0,0,1,1,Death
553,0,0,0,0,0,0,0,0,0,0,0,Death
554,0,0,0,0,0,0,0,0,0,0,0,Death
555,0,0,0,0,1,0,0,1,1,1,0,Death
556,1,0,0,1,1,1,1,1,1,1,0,Death
557,0,2,0,0,2,0,0,1,0,3,3,Death
558,1,1,1,1,0,1,1,0,1,1,0,Death
559,0,0,0,0,0,0,0,2,0,2,2,Death
560,0,0,0,0,1,0,0,1,0,2,2,Death
561,0,1,0,0,1,0,1,1,0,1,1,Death
562,0,1,0,0,1,0,1,1,0,1,1,Death
563,0,0,0,0,1,0,0,0,0,1,1,Death
564,0,0,0,0,0,0,0,0,0,0,0,Death
565,0,0,0,0,0,0,0,0,0,0,0,Death
566,0,1,0,0,0,0,0,0,0,0,0,Death
567,1,0,1,1,1,1,0,1,1,2,1,Death
568,0,1,0,0,1,0,0,2,0,2,2,Death
569,0,0,0,0,0,0,0,0,0,0,0,Death
570,0,0,0,0,0,0,0,0,0,0,0,Death
571,0,1,0,1,1,0,0,0,0,2,2,Death
572,0,0,0,0,0,0,0,0,0,0,0,Death
573,0,0,0,0,0,0,0,0,0,0,0,Death
574,0,0,0,0,0,0,0,0,0,0,0,Death
575,0,0,0,1,0,1,0,0,1,0,-1,Death
576,0,0,0,0,0,0,0,0,0,0,0,Death
577,0,1,0,0,1,0,1,1,0,1,1,Death
578,0,0,0,0,0,0,0,1,0,3,3,Death
579,0,0,0,0,0,0,0,0,0,0,0,Death
580,0,0,0,1,0,0,1,0,1,1,0,Death
581,1,2,1,1,2,1,2,2,1,3,2,Death
582,0,0,0,0,1,0,0,1,0,1,1,Death
583,1,1,1,1,0,1,1,0,1,0,-1,Death
584,1,1,1,1,0,1,1,0,1,2,1,Death
585,0,0,0,0,0,0,0,0,0,0,0,Death
586,0,0,0,0,0,0,0,0,0,1,1,Death
587,0,1,0,0,1,0,0,1,0,1,1,Death
588,0,0,0,1,0,1,0,0,1,0,-1,Death
589,0,0,0,0,0,0,0,0,0,0,0,Death
590,0,0,0,0,0,0,0,0,0,0,0,Death
591,0,0,0,0,0,0,0,0,0,0,0,Death
592,0,1,0,0,1,0,1,1,0,1,1,Death
593,0,0,0,1,0,1,0,0,1,0,-1,Death
594,0,1,0,0,1,0,1,1,0,1,1,Death
595,0,0,0,0,2,0,1,2,0,2,2,Death
596,0,0,0,0,0,0,0,0,0,0,0,Death
597,0,0,0,0,0,0,0,0,0,0,0,Death
598,1,0,0,0,0,0,0,0,1,0,-1,Death
599,0,0,0,0,0,0,0,0,0,1,1,Death
600,0,0,0,0,0,0,0,0,0,0,0,Death
601,0,0,0,0,0,0,0,0,0,0,0,Death
602,0,0,0,0,0,0,0,0,0,1,1,Death
603,0,0,0,0,1,0,0,2,0,2,2,Death
604,0,0,1,0,1,1,0,1,0,2,2,Death
605,0,0,0,0,0,0,0,1,0,1,1,Death
606,0,0,0,0,0,0,0,0,0,0,0,Death
607,1,1,1,1,0,1,1,0,1,0,-1,Death
608,0,0,0,0,0,0,0,0,0,0,0,Death
609,0,0,0,0,0,0,1,0,0,0,0,Death
610,0,0,0,0,0,0,0,0,0,0,0,Death
611,0,0,0,0,0,0,0,0,0,0,0,Death
612,0,1,0,0,1,0,1,1,0,1,1,Death
613,0,0,0,0,0,0,0,0,0,0,0,Death
614,0,0,0,0,0,0,0,0,0,1,1,Death
615,0,0,0,0,0,0,0,0,0,0,0,Death
616,0,0,0,0,0,0,0,0,0,0,0,Death
617,0,0,0,0,0,0,0,0,0,2,2,Death
618,0,1,0,0,0,1,0,0,0,0,0,Death
619,0,0,0,0,0,0,0,0,0,0,0,Death
620,0,1,0,0,2,0,0,2,0,2,2,Death
621,0,1,0,0,1,0,1,1,0,1,1,Death
622,1,2,1,1,1,1,2,1,1,1,0,Death
623,0,0,0,0,0,0,0,0,0,0,0,Death
624,0,1,0,0,1,0,1,1,0,1,1,Death
625,0,0,0,0,0,0,0,0,0,0,0,Death
626,0,0,0,0,0,0,0,0,0,0,0,Death
627,0,0,0,0,1,0,0,1,0,1,1,Death
628,0,0,0,0,0,0,0,0,0,0,0,Death
629,0,0,0,0,0,0,0,0,0,0,0,Death
630,0,0,0,0,0,0,0,0,0,0,0,Death
631,0,1,0,0,1,0,1,1,0,1,1,Death
632,0,0,0,0,0,0,0,0,0,0,0,Death
633,0,0,0,0,0,0,0,0,0,0,0,Death
634,0,0,0,0,0,0,0,0,0,0,0,Death
635,0,0,0,0,1,0,0,1,0,1,1,Death
636,0,0,0,0,0,0,0,0,0,0,0,Death
637,0,0,0,0,0,0,0,0,0,0,0,Death
638,0,0,0,1,0,1,0,0,1,0,-1,Death
639,0,0,0,0,0,0,0,0,0,0,0,Death
640,1,1,1,0,0,0,0,0,1,0,-1,Death
641,0,1,0,0,1,0,0,1,0,1,1,Death
642,0,0,0,0,1,0,0,0,0,2,2,Death
643,0,0,0,0,0,0,0,0,0,0,0,Death
644,0,1,0,0,1,0,1,1,0,1,1,Death
645,0,1,0,0,1,0,1,1,0,1,1,Death
646,0,0,0,0,0,0,0,0,0,0,0,Death
647,1,1,1,1,0,1,1,0,1,0,-1,Death
648,0,0,0,0,0,0,0,0,0,0,0,Death
649,0,0,0,0,0,0,0,0,0,0,0,Death
650,1,0,1,0,0,1,0,0,1,0,-1,Death
651,0,0,0,0,0,0,0,0,0,1,1,Death
652,0,0,0,0,0,0,0,0,0,0,0,Death
653,0,0,0,0,0,0,0,0,0,0,0,Death
654,0,0,0,0,1,0,0,1,0,1,1,Death
655,0,0,0,0,0,0,0,0,0,0,0,Death
656,0,0,0,0,0,0,0,0,0,0,0,Death
657,0,0,0,0,0,0,0,0,0,0,0,Death
658,0,0,0,0,0,0,0,0,0,0,0,Death
659,0,0,0,0,0,0,0,0,0,0,0,Death
660,0,0,0,0,0,0,0,0,0,0,0,Death
661,0,1,0,0,1,0,1,1,0,1,1,Death
662,0,0,0,0,0,0,0,0,0,0,0,Death
663,0,0,0,0,0,0,0,0,0,0,0,Death
664,0,0,0,0,0,0,0,0,0,0,0,Death
665,0,0,0,0,0,0,0,0,0,0,0,Death
666,0,0,0,0,0,0,0,0,0,0,0,Death
667,0,0,0,0,1,0,1,1,0,1,1,Death
668,0,0,0,0,0,0,0,0,0,1,1,Death
669,0,0,0,0,0,0,0,0,0,0,0,Death
670,0,0,0,0,0,0,0,1,0,1,1,Death
671,0,0,0,0,0,0,0,0,0,0,0,Death
672,0,1,0,0,1,0,0,1,0,1,1,Death
673,0,0,0,0,0,0,0,0,0,0,0,Death
674,0,0,0,0,0,0,0,0,0,0,0,Death
675,0,1,0,0,1,0,1,1,0,1,1,Death
676,1,1,1,2,0,2,1,0,2,0,-2,Death
677,0,0,0,0,0,0,0,0,0,0,0,Death
678,0,0,0,0,0,0,0,0,0,0,0,Death
679,0,0,0,0,0,0,0,0,0,0,0,Death
680,0,0,0,0,0,0,0,0,0,0,0,Death
681,0,0,0,0,0,0,1,0,0,1,1,Death
682,0,0,0,0,0,0,0,0,0,0,0,Death
683,0,0,0,0,1,0,1,1,0,1,1,Death
684,1,2,1,1,0,2,1,0,1,1,0,Death
685,0,0,0,0,1,0,0,1,0,1,1,Death
686,0,0,0,0,0,0,0,0,0,0,0,Death
687,0,0,0,0,0,0,0,0,0,0,0,Death
688,0,0,0,0,0,0,0,0,0,0,0,Death
689,0,0,0,0,0,0,0,0,0,0,0,Death
690,0,0,0,0,0,0,0,0,0,0,0,Death
691,0,0,0,0,0,0,0,0,0,0,0,Death
692,0,0,0,0,0,0,0,0,0,0,0,Death
693,0,0,0,0,0,0,0,0,0,0,0,Death
694,0,0,0,0,0,0,0,0,0,0,0,Death
695,0,0,0,0,0,0,0,0,0,0,0,Death
696,0,0,0,0,0,0,0,0,0,0,0,Death
697,0,0,0,0,0,0,0,0,0,0,0,Death
698,0,0,0,0,1,0,0,1,0,1,1,Death
699,0,0,0,0,0,0,0,0,0,0,0,Death
700,0,0,0,0,0,0,0,0,0,0,0,Death
701,0,1,0,0,1,0,1,1,0,1,1,Death
702,0,1,0,0,1,0,1,1,0,1,1,Death
703,0,0,0,0,0,0,0,0,0,0,0,Death
704,0,0,0,0,0,0,0,0,0,0,0,Death
705,0,0,0,0,0,0,0,0,0,0,0,Death
706,0,0,0,0,0,0,0,0,0,0,0,Death
707,0,0,0,0,0,0,0,0,0,0,0,Death
708,0,0,0,0,0,0,0,0,0,0,0,Death
709,0,0,0,0,0,0,0,0,0,0,0,Death
710,0,0,0,0,0,0,0,2,0,1,1,Death
711,0,2,0,0,2,0,0,4,0,5,5,Death
712,1,4,1,1,1,1,1,0,2,2,0,Death
713,1,0,0,0,1,0,0,0,1,1,0,Death
714,0,0,0,0,0,0,0,1,0,1,1,Death
715,1,5,2,3,3,1,4,2,5,4,-1,Death
716,0,2,0,0,0,0,0,1,2,2,0,Death
717,1,1,1,0,1,0,1,2,1,1,0,Death
718,0,2,0,1,2,0,2,1,1,2,1,Death
719,0,0,0,0,0,0,0,0,1,1,0,Death
720,1,2,3,1,0,2,2,5,2,13,11,Death
721,1,2,1,1,1,1,2,2,3,5,2,Death
722,5,10,6,7,8,7,9,15,13,31,18,Death
723,0,0,0,1,0,1,0,0,1,1,0,Death
724,3,9,3,2,3,4,4,6,6,7,1,Death
725,2,3,2,2,1,2,3,3,3,7,4,Death
726,0,2,0,0,1,0,1,2,0,4,4,Death
727,2,2,4,7,0,3,1,2,9,2,-7,Death
728,0,0,1,1,0,0,0,2,1,3,2,Death
729,1,3,2,3,1,5,1,1,5,2,-3,Death
730,2,3,1,3,1,2,2,3,5,4,-1,Death
731,1,0,0,0,0,0,0,0,2,0,-2,Death
732,0,6,1,0,2,1,3,4,1,9,8,Death
733,1,0,1,0,0,1,0,0,1,1,0,Death
734,0,0,0,0,0,1,0,0,1,0,-1,Death
735,1,2,0,1,1,2,1,6,4,7,3,Death
736,2,2,1,2,0,1,1,0,1,1,0,Death
737,3,8,1,5,6,3,4,8,6,19,13,Death
738,0,0,0,0,3,0,0,2,1,4,3,Death
739,3,7,3,6,7,4,9,10,9,24,15,Death
740,0,3,0,0,0,0,0,2,1,3,2,Death
741,1,2,2,2,3,2,3,2,2,6,4,Death
742,2,1,1,2,0,2,1,2,4,6,2,Death
743,1,1,1,1,0,1,1,2,3,3,0,Death
744,0,0,0,0,1,0,0,0,0,2,2,Death
745,1,0,0,0,0,0,0,3,1,2,1,Death
746,1,2,3,2,0,1,1,2,3,4,1,Death
747,1,3,2,3,3,4,1,3,5,7,2,Death
748,0,1,0,1,0,1,0,2,1,1,0,Death
749,0,2,0,0,1,0,0,1,0,1,1,Death
750,0,1,0,1,1,0,1,1,0,3,3,Death
751,0,4,0,0,2,0,1,3,0,4,4,Death
752,1,1,1,1,0,1,1,3,2,3,1,Death
753,1,1,1,1,0,1,1,1,1,1,0,Death
754,2,3,1,1,2,1,2,2,2,2,0,Death
755,2,3,1,1,1,2,2,1,2,3,1,Death
756,0,0,0,0,0,0,0,0,0,0,0,Death
757,0,1,0,1,2,0,1,5,0,7,7,Death
758,1,1,1,0,0,0,0,0,1,0,-1,Death
759,0,1,0,1,1,0,1,1,2,3,1,Death
760,1,1,1,1,0,1,1,1,1,0,-1,Death
761,1,2,1,1,0,1,1,2,1,1,0,Death
762,2,1,1,2,0,2,1,0,3,0,-3,Death
763,0,0,0,0,1,0,0,1,0,2,2,Death
764,1,4,1,1,2,2,3,2,2,5,3,Death
765,2,4,1,1,0,1,1,1,2,2,0,Death
766,0,0,0,1,0,1,0,0,1,0,-1,Death
767,1,2,2,1,1,1,2,2,1,4,3,Death
768,0,1,0,1,1,0,1,0,1,2,1,Death
769,1,1,0,1,0,0,1,0,3,1,-2,Death
770,0,0,0,0,0,0,0,0,0,0,0,Death
771,0,0,0,0,0,0,0,2,0,3,3,Death
772,0,1,0,2,1,0,0,2,0,3,3,Death
773,0,0,0,0,0,0,0,0,0,0,0,Death
774,0,0,0,0,0,0,0,0,0,0,0,Death
775,0,0,0,1,0,1,0,2,2,3,1,Death
776,1,1,1,1,0,1,1,1,1,2,1,Death
777,1,0,1,1,1,1,1,2,1,4,3,Death
778,2,3,1,1,2,1,2,2,1,3,2,Death
779,0,0,0,0,0,0,0,1,0,2,2,Death
780,2,2,1,2,1,1,2,1,3,1,-2,Death
781,0,0,0,0,0,0,0,0,0,0,0,Death
782,2,1,0,2,1,1,1,0,1,1,0,Death
783,1,2,2,3,1,1,1,1,2,4,2,Death
784,1,2,1,2,1,1,1,1,1,3,2,Death
785,0,0,0,0,1,0,0,1,1,1,0,Death
786,0,0,0,0,0,0,0,0,0,0,0,Death
787,1,3,1,1,3,1,3,3,1,3,2,Death
788,2,2,1,2,1,2,1,0,2,2,0,Death
789,1,1,1,1,0,1,1,0,1,0,-1,Death
790,0,0,0,0,0,0,0,0,0,1,1,Death
791,0,0,0,0,0,0,0,0,0,0,0,Death
792,1,1,1,1,1,1,1,1,2,4,2,Death
793,0,1,0,0,0,0,0,2,1,0,-1,Death
794,1,1,1,1,0,1,1,0,1,2,1,Death
795,1,3,0,1,1,2,0,0,2,2,0,Death
796,1,1,1,1,0,1,1,0,1,1,0,Death
797,0,1,0,0,1,0,1,1,0,2,2,Death
798,0,0,0,1,0,1,0,0,1,1,0,Death
799,1,1,2,2,0,1,1,0,2,0,-2,Death
800,1,2,1,1,0,1,1,1,1,0,-1,Death
801,0,1,1,0,0,0,0,0,1,0,-1,Death
802,0,0,0,0,0,0,0,0,0,0,0,Death
803,1,1,1,2,0,2,1,0,2,2,0,Death
804,0,0,0,0,1,0,0,1,0,2,2,Death
805,2,2,2,2,1,3,2,2,3,3,0,Death
806,3,2,3,1,1,1,2,1,3,1,-2,Death
807,0,0,0,0,0,0,0,0,0,0,0,Death
808,0,0,0,0,1,0,0,0,0,1,1,Death
809,1,1,1,1,0,1,1,0,2,0,-2,Death
810,1,1,1,1,1,1,1,1,1,2,1,Death
811,0,0,0,0,2,0,0,0,0,2,2,Death
812,1,1,1,1,0,1,1,0,1,0,-1,Death
813,0,0,0,1,0,1,0,0,1,0,-1,Death
814,0,0,0,1,0,1,0,0,1,0,-1,Death
815,1,1,1,1,0,1,1,0,1,1,0,Death
816,1,3,1,1,1,1,2,1,1,2,1,Death
817,0,1,0,0,2,0,1,1,0,4,4,Death
818,1,1,1,1,0,1,1,1,1,1,0,Death
819,0,2,0,0,2,0,2,0,0,2,2,Death
820,1,1,1,1,1,0,0,2,0,3,3,Death
821,0,0,0,0,0,0,0,0,0,0,0,Death
822,0,0,0,0,1,0,0,1,0,2,2,Death
823,0,1,0,0,2,0,1,2,0,3,3,Death
824,0,0,0,0,1,0,0,0,0,2,2,Death
825,1,1,1,1,0,1,1,1,1,0,-1,Death
826,0,0,0,0,0,0,0,0,0,0,0,Death
827,0,0,0,0,1,0,0,1,0,3,3,Death
828,1,2,1,1,1,1,2,1,1,2,1,Death
829,0,0,0,1,0,0,0,0,0,0,0,Death
830,0,0,0,0,0,0,0,0,0,1,1,Death
831,0,0,0,0,0,0,0,0,0,0,0,Death
832,0,0,0,0,0,0,0,0,0,0,0,Death
833,1,2,1,2,0,1,1,0,2,1,-1,Death
834,0,1,0,1,1,0,0,1,0,1,1,Death
835,0,0,0,0,0,0,0,0,0,0,0,Death
836,0,0,0,0,1,0,0,1,0,3,3,Death
837,0,0,0,0,0,0,0,1,0,1,1,Death
838,0,0,0,0,0,0,0,0,0,0,0,Death
839,0,1,0,0,2,0,1,1,0,2,2,Death
840,0,1,0,0,1,0,1,1,0,1,1,Death
841,0,0,0,0,0,0,0,1,0,0,0,Death
842,0,0,0,0,1,0,1,1,0,1,1,Death
843,0,0,0,0,0,0,0,1,0,1,1,Death
844,0,0,0,0,0,0,0,0,0,0,0,Death
845,0,0,0,0,0,0,0,1,0,0,0,Death
846,0,0,0,0,0,0,0,0,0,0,0,Death
847,0,1,0,0,1,0,1,1,0,1,1,Death
848,0,0,0,0,0,0,0,0,0,0,0,Death
849,0,0,0,0,0,0,0,0,0,1,1,Death
850,2,1,1,3,0,2,2,0,3,0,-3,Death
851,1,1,1,1,0,2,1,0,2,0,-2,Death
852,0,0,0,0,0,0,0,0,0,0,0,Death
853,0,0,0,0,0,0,0,0,0,0,0,Death
854,0,1,0,0,1,0,1,1,0,1,1,Death
855,0,0,0,0,0,0,0,0,0,0,0,Death
856,0,0,0,0,0,0,0,0,0,0,0,Death
857,0,0,0,0,1,0,0,0,0,1,1,Death
858,0,0,0,0,0,0,0,0,0,0,0,Death
859,0,0,0,0,0,0,0,0,0,0,0,Death
860,0,0,0,0,1,0,1,1,0,1,1,Death
861,0,2,0,0,1,1,1,2,1,3,2,Death
862,1,2,1,1,1,1,1,1,1,4,3,Death
863,0,5,0,0,3,0,0,3,0,5,5,Death
864,1,1,0,1,1,1,1,2,2,2,0,Death
865,0,0,0,1,0,1,0,0,1,0,-1,Death
866,2,1,1,2,2,2,1,2,2,2,0,Death
867,0,0,0,0,0,0,0,0,0,0,0,Death
868,0,2,0,0,2,0,2,2,0,2,2,Death
869,0,0,0,1,0,1,0,0,1,0,-1,Death
870,0,0,0,0,1,0,0,0,0,1,1,Death
871,0,0,0,0,0,0,0,0,0,0,0,Death
872,0,0,0,0,0,0,0,0,0,0,0,Death
873,0,1,0,0,1,0,1,1,0,1,1,Death
874,0,0,0,0,0,0,0,0,0,0,0,Death
875,0,1,0,0,1,0,1,1,0,1,1,Death
876,0,0,0,0,0,0,0,0,0,0,0,Death
877,0,0,0,0,0,0,0,0,0,0,0,Death
878,0,0,0,0,1,0,0,1,0,3,3,Death
879,0,0,0,1,2,0,0,2,0,2,2,Death
880,0,0,0,0,0,0,0,0,0,0,0,Death
881,1,2,1,1,0,1,1,0,1,2,1,Death
882,0,1,0,0,1,0,2,0,1,1,0,Death
883,3,2,2,2,2,3,2,5,3,10,7,Death
884,0,1,1,1,0,1,1,1,2,3,1,Death
885,0,2,0,0,0,1,0,4,1,3,2,Death
886,0,0,2,0,0,0,1,1,3,1,-2,Death
887,1,1,1,1,2,1,2,3,1,3,2,Death
888,1,4,1,1,2,1,2,2,2,2,0,Death
889,1,1,1,1,0,1,1,2,1,2,1,Death
890,2,1,1,5,0,4,1,0,6,0,-6,Death
891,0,1,0,0,0,0,0,1,0,3,3,Death
892,1,2,1,1,1,1,1,0,1,2,1,Death
893,1,1,0,1,2,0,1,0,1,5,4,Death
894,0,0,0,1,0,1,0,1,1,1,0,Death
895,0,1,0,0,1,0,1,2,0,2,2,Death
896,1,3,1,1,2,1,3,2,1,3,2,Death
897,1,1,0,0,0,0,0,0,1,0,-1,Death
898,0,2,0,0,1,0,0,0,0,2,2,Death
899,1,1,1,1,0,1,1,0,1,0,-1,Death
900,0,0,0,0,0,0,0,0,0,0,0,Death
901,0,0,0,0,1,0,0,0,0,1,1,Death
902,1,3,1,1,1,1,1,1,1,2,1,Death
903,0,0,0,0,0,0,0,1,0,1,1,Death
904,0,0,0,0,1,0,0,1,0,1,1,Death
905,0,0,0,0,0,0,0,0,0,0,0,Death
906,0,1,0,0,0,0,0,0,0,1,1,Death
907,0,0,0,0,0,0,0,0,0,3,3,Death
908,0,0,0,0,0,0,0,0,0,1,1,Death
909,0,0,0,0,0,0,0,0,0,0,0,Death
910,1,1,1,1,0,1,1,1,1,2,1,Death
911,0,0,0,0,1,0,0,1,0,1,1,Death
912,0,0,0,0,0,0,0,0,0,0,0,Death
913,0,1,0,0,2,0,0,1,0,2,2,Death
914,0,0,0,0,0,0,0,0,0,0,0,Death
915,0,0,0,0,0,0,0,0,0,0,0,Death
916,1,1,1,1,0,1,1,0,1,1,0,Death
917,0,0,0,0,0,0,0,0,0,0,0,Death
918,0,1,0,0,1,0,1,1,0,2,2,Death
919,0,0,0,1,0,1,0,0,1,0,-1,Death
920,0,0,0,0,0,0,0,0,0,0,0,Death
921,0,0,0,0,0,0,0,0,0,1,1,Death
922,0,0,0,0,0,0,0,0,0,0,0,Death
923,0,0,0,0,1,0,0,1,0,1,1,Death
924,0,0,0,0,0,0,0,0,0,0,0,Death
925,0,0,0,0,1,0,0,0,0,1,1,Death
926,0,1,0,0,0,0,0,0,0,0,0,Death
927,0,0,0,0,1,0,0,1,0,1,1,Death
928,0,0,0,0,0,0,0,0,0,0,0,Death
929,0,0,0,0,0,0,0,0,0,0,0,Death
930,0,0,0,0,0,0,0,0,0,0,0,Death
931,1,1,1,1,0,1,1,1,1,1,0,Death
932,0,0,0,0,1,0,0,1,0,1,1,Death
933,0,0,0,0,0,0,0,1,0,3,3,Death
934,0,1,1,1,1,2,1,1,2,2,0,Death
935,0,0,0,0,0,0,0,0,0,1,1,Death
936,0,1,0,0,1,0,1,1,0,1,1,Death
937,0,0,0,0,0,0,0,0,0,0,0,Death
938,0,1,0,0,0,0,0,0,1,1,0,Death
939,0,0,0,0,0,0,0,0,0,0,0,Death
940,0,0,0,0,0,0,0,0,0,0,0,Death
941,0,0,0,0,0,0,0,0,0,0,0,Death
942,0,0,0,0,0,0,0,0,0,0,0,Death
943,0,0,0,0,0,0,0,0,0,0,0,Death
